DELETE FROM invoices; DELETE FROM transactions; DELETE FROM wallets;
INSERT INTO wallets (id, user_id, status) VALUES ('da10e44b-a115-5c9b-8a7b-0f10e9eed0da', 'ffbe64a4-dbba-58b8-a95c-1dddc95c971b', 'active');
INSERT INTO wallets (id, user_id, status) VALUES ('54576415-56b1-544c-8591-bc2b8ec9c704', 'd35a2a2a-d1d1-55ed-90a7-348c3da59deb', 'active');
INSERT INTO wallets (id, user_id, status) VALUES ('e30535bc-b947-5393-884a-6356b46637a2', '1e5f1a27-4c4e-5b84-b4dd-5227b40c755d', 'active');
INSERT INTO wallets (id, user_id, status) VALUES ('df0c36f3-60e0-547f-bc23-d7044c50bd48', '8e366a8d-6e18-50fd-98d9-2efd6d246b24', 'active');
INSERT INTO wallets (id, user_id, status) VALUES ('9d5230f1-aa2d-59d9-9c94-81c456bada57', 'dbc080c1-f33d-5a36-8bd2-68fb0d20f0db', 'active');
INSERT INTO wallets (id, user_id, status) VALUES ('184b1d0f-64ba-54d9-890e-073aca053167', '01235d01-f261-55ab-b63d-d2a10cad9e11', 'active');
INSERT INTO wallets (id, user_id, status) VALUES ('1312b819-f83d-50d2-8fc1-58b38f729ad6', '5d7e3982-b4cf-5ca6-9734-744833b910a3', 'active');
INSERT INTO wallets (id, user_id, status) VALUES ('39dd7182-5617-535a-9d95-22cf81950c97', '933a1a70-8683-5fea-8b3c-02459adb5f31', 'active');
INSERT INTO wallets (id, user_id, status) VALUES ('82db7629-7ca2-5543-be4b-b4e5f4a82b86', '52388865-df5d-5f46-8df6-034d113e9391', 'active');
INSERT INTO wallets (id, user_id, status) VALUES ('c39cc641-829a-5401-893d-710e9bf693fd', 'a710b314-b7cc-51d3-97ed-52f7aedba4c0', 'active');
INSERT INTO wallets (id, user_id, status) VALUES ('95111ff1-1d70-5fab-90c7-546ac9235d40', '3ee066f5-64b0-5b81-b4fc-d8f8ede23ed0', 'active');
INSERT INTO wallets (id, user_id, status) VALUES ('3c3f5013-cd88-55ef-8898-d0c28f42f45a', '271814b9-df4f-5305-9347-898e83e672dc', 'active');
INSERT INTO wallets (id, user_id, status) VALUES ('739089ff-5508-531d-bbf4-63fda69d2dd9', '4025932a-8150-5165-bec3-726ec0f47e30', 'active');
INSERT INTO wallets (id, user_id, status) VALUES ('bbe80dee-db87-517d-94f6-5181dc449415', '39ee98d1-7b3e-5a28-ba39-01ed2143fe0c', 'active');
INSERT INTO wallets (id, user_id, status) VALUES ('4a3f207d-cc24-50c8-9637-775d9af35a61', 'bf64b951-8954-58bf-8ec9-1f194c017fe8', 'active');
INSERT INTO wallets (id, user_id, status) VALUES ('ac90d715-c32e-57f5-a945-bfe9017a3a6f', '26ab961d-925c-5bc7-9ec5-ae404a745994', 'active');
INSERT INTO wallets (id, user_id, status) VALUES ('e54a75ae-8a47-55d4-bd99-1bddff9bace9', '3e7f0120-56df-5222-a8cb-a2fd1503ce12', 'active');
INSERT INTO wallets (id, user_id, status) VALUES ('d3743859-5a34-5696-83e7-a1c7cbafd475', '8832e9ea-50d2-51bd-b830-f9b00ba05c0d', 'active');
INSERT INTO wallets (id, user_id, status) VALUES ('b183bc4d-2ff6-590b-879c-e470c99c313c', '3bb888f3-2438-5063-9ccd-da15bbd1f77a', 'active');
INSERT INTO wallets (id, user_id, status) VALUES ('c667e241-3963-5f87-a37c-4907a4de9b18', '7b1c4501-a453-5d5e-964d-c2067b69e22b', 'active');
INSERT INTO wallets (id, user_id, status) VALUES ('ce90dd14-bd0d-5dfe-b33c-73c3f39b6714', '236eebf6-c1d8-59c9-8b94-e411fe443fe2', 'active');
INSERT INTO wallets (id, user_id, status) VALUES ('3b612667-502f-5212-a758-c9a40097f1fc', '2fd0a02e-a1ce-56b3-8e11-5e93dcc1a578', 'active');
INSERT INTO wallets (id, user_id, status) VALUES ('9b429183-1e75-50e9-9063-fe4b452174c6', 'c83e18dd-78e7-5b2f-a861-cd4144abcab4', 'active');
INSERT INTO wallets (id, user_id, status) VALUES ('97099a7d-bc8b-5208-a37b-d9b5f6904d92', '7c516c1d-caef-5910-ba7e-6485e2b7814d', 'active');
INSERT INTO wallets (id, user_id, status) VALUES ('857b55a5-dc85-5d6f-a2c7-d8148541b8bf', 'f3fd07bb-bcce-5221-acfc-9c4b47bfb503', 'active');
INSERT INTO wallets (id, user_id, status) VALUES ('b0f27c3a-5956-5b24-958d-d1954723ee9d', 'baa8e5dc-51ce-52d7-afc6-7b11717b1c3c', 'active');
INSERT INTO wallets (id, user_id, status) VALUES ('03b11b35-a6b2-5b59-99e0-907e72faa777', 'af9af84a-32ef-5b72-8ad4-6ade43058177', 'active');
INSERT INTO wallets (id, user_id, status) VALUES ('ad0352fe-c72d-5136-8c3f-02a5558a499f', 'bf28724e-6874-5301-bb45-9cc1c3a83264', 'active');
INSERT INTO wallets (id, user_id, status) VALUES ('d0f100d0-9463-57df-8d5d-cded9f7d00c3', 'a933b175-bd4e-5b34-9ed2-eebda9e85c0c', 'active');
INSERT INTO wallets (id, user_id, status) VALUES ('af016ace-3514-577c-9d63-1faefa05cd05', 'd42a10d7-70f3-563e-acd1-48f1259cc594', 'active');
INSERT INTO wallets (id, user_id, status) VALUES ('39e4b18c-01cd-5ab7-ab08-dd2443bbc5b4', 'c8ae5320-812f-5cdd-9d7e-a73fff78c8da', 'active');
INSERT INTO wallets (id, user_id, status) VALUES ('2c347517-fed3-5e2f-8a60-de630559eee8', '1b82e80d-8d17-5c36-93ac-82dde0a249cc', 'active');
INSERT INTO wallets (id, user_id, status) VALUES ('7b751935-465e-5bb9-b49e-81176c2ea308', 'd5aa7d32-b6ee-53a2-9798-59e28c73cf01', 'active');
INSERT INTO wallets (id, user_id, status) VALUES ('78b4e0f5-6b38-5fc4-a60e-f018ebd3b942', 'b3b57725-54e7-567b-a432-9c0e39a42678', 'active');
INSERT INTO wallets (id, user_id, status) VALUES ('88583405-339c-581d-bd9b-8d5721cd7154', '531f477a-1f91-5fa8-a711-842e9559e59b', 'active');
INSERT INTO wallets (id, user_id, status) VALUES ('646be525-70e3-5dc5-a48a-5e64f7bb318c', '6776c62f-74e6-5ea9-b85d-f83a590f8325', 'active');
INSERT INTO wallets (id, user_id, status) VALUES ('13f430c4-4899-5dfb-8565-7b1ae2fc7831', '6fee1d8c-7182-56b9-9ba2-e9f2f96d1864', 'active');
INSERT INTO wallets (id, user_id, status) VALUES ('b576a0eb-61de-5a94-a9c1-994e26032f8a', 'c59c4df8-9179-503d-bd34-6fb4baabf1b0', 'active');
INSERT INTO wallets (id, user_id, status) VALUES ('055d42f5-dd3c-54ff-aabd-4d830cfc5501', '3fa31b52-0810-5943-9d35-6476cf9db35a', 'active');
INSERT INTO wallets (id, user_id, status) VALUES ('107bbd5f-441e-5178-b106-f85881246354', '778d3881-1196-54ca-a703-df5e6a37289a', 'active');
INSERT INTO wallets (id, user_id, status) VALUES ('d813f9bb-8915-5c43-8593-a28f17253de6', 'ec1449ec-b187-52e3-a8d6-ce82bca66872', 'active');
INSERT INTO wallets (id, user_id, status) VALUES ('5b78f213-cb8c-5639-8bb1-0907eeefcdb7', '8308a3ad-4cd4-5b79-88e3-69b6fe06cc4d', 'active');
INSERT INTO wallets (id, user_id, status) VALUES ('71e8a924-f473-5b5e-bfc8-cf70263b3d3d', '2991bdff-0fee-52e0-90c1-c76c57de7a2f', 'active');
INSERT INTO wallets (id, user_id, status) VALUES ('03ad015a-f65c-5fb4-8d13-42161254d5ef', 'b8343a45-5aaf-5dbb-8796-6ce70c45a210', 'active');
INSERT INTO wallets (id, user_id, status) VALUES ('0b3f5c6e-f5d3-5756-955d-159e71ea8747', '30641e26-4543-5b24-8018-537783c153a1', 'active');
INSERT INTO wallets (id, user_id, status) VALUES ('24057648-b3e2-5266-bb55-019af5153e9b', '29137d1a-a404-5036-b164-b067b18c46c8', 'active');
INSERT INTO wallets (id, user_id, status) VALUES ('faba4159-bfde-58ec-bf9c-0626f1c34bad', 'c1197fb8-9baa-5afd-be52-e127d9606ff1', 'active');
INSERT INTO wallets (id, user_id, status) VALUES ('121061f4-7cdc-50c7-9b56-6bc94098ddcb', 'd2054af8-db53-552b-8139-22b29f33fd7c', 'active');
INSERT INTO wallets (id, user_id, status) VALUES ('1d305dc2-95f7-5c10-9601-58b77ae8259a', '123d15b8-ab1d-5274-8521-e4abad76181d', 'active');
INSERT INTO wallets (id, user_id, status) VALUES ('0c6af03e-7724-5b63-b402-659d2de47b23', 'a96f2a6e-7a00-581d-858d-371b82f96317', 'active');
INSERT INTO transactions (id, user_id, type, amount, method, status) VALUES ('9f799c23-d06a-5856-8187-cc3249678d8b', 'ec1449ec-b187-52e3-a8d6-ce82bca66872', 'payment', 100000, 'wallet', 'completed');
INSERT INTO invoices (id, transaction_id, user_id, total_amount, status) VALUES ('06a12d4e-a9cf-5882-9f1a-9df5b2130101', '9f799c23-d06a-5856-8187-cc3249678d8b', 'ec1449ec-b187-52e3-a8d6-ce82bca66872', 100000, 'paid');
INSERT INTO transactions (id, user_id, type, amount, method, status) VALUES ('a884e573-54d7-5564-b02a-39416c3cd66e', '8308a3ad-4cd4-5b79-88e3-69b6fe06cc4d', 'payment', 100000, 'wallet', 'completed');
INSERT INTO invoices (id, transaction_id, user_id, total_amount, status) VALUES ('e92499a6-e051-53e4-a49b-03750c06c25b', 'a884e573-54d7-5564-b02a-39416c3cd66e', '8308a3ad-4cd4-5b79-88e3-69b6fe06cc4d', 100000, 'paid');
INSERT INTO transactions (id, user_id, type, amount, method, status) VALUES ('8a4874c5-4064-5205-9cf5-2e1de0fb35f2', '1e5f1a27-4c4e-5b84-b4dd-5227b40c755d', 'payment', 100000, 'wallet', 'completed');
INSERT INTO invoices (id, transaction_id, user_id, total_amount, status) VALUES ('35f6d117-0103-5dd5-9dac-674d2d90689f', '8a4874c5-4064-5205-9cf5-2e1de0fb35f2', '1e5f1a27-4c4e-5b84-b4dd-5227b40c755d', 100000, 'paid');
INSERT INTO transactions (id, user_id, type, amount, method, status) VALUES ('f167603a-92e5-5abf-9455-3347c84195c5', '7b1c4501-a453-5d5e-964d-c2067b69e22b', 'payment', 100000, 'wallet', 'completed');
INSERT INTO invoices (id, transaction_id, user_id, total_amount, status) VALUES ('56328956-e8ef-5ba3-8115-094b8b10e63b', 'f167603a-92e5-5abf-9455-3347c84195c5', '7b1c4501-a453-5d5e-964d-c2067b69e22b', 100000, 'paid');
INSERT INTO transactions (id, user_id, type, amount, method, status) VALUES ('27c185eb-9ac0-5578-a043-36c9f46ce694', 'a933b175-bd4e-5b34-9ed2-eebda9e85c0c', 'payment', 100000, 'wallet', 'completed');
INSERT INTO invoices (id, transaction_id, user_id, total_amount, status) VALUES ('e49cb9dd-3180-50ff-bcde-b16741859156', '27c185eb-9ac0-5578-a043-36c9f46ce694', 'a933b175-bd4e-5b34-9ed2-eebda9e85c0c', 100000, 'paid');
INSERT INTO transactions (id, user_id, type, amount, method, status) VALUES ('93e79d47-f473-5ced-a813-267db3c87ca3', '1e5f1a27-4c4e-5b84-b4dd-5227b40c755d', 'payment', 100000, 'wallet', 'completed');
INSERT INTO invoices (id, transaction_id, user_id, total_amount, status) VALUES ('c36395f6-7ba9-54b7-9dbe-83d0e8ff9ccb', '93e79d47-f473-5ced-a813-267db3c87ca3', '1e5f1a27-4c4e-5b84-b4dd-5227b40c755d', 100000, 'paid');
INSERT INTO transactions (id, user_id, type, amount, method, status) VALUES ('5b50ec66-11eb-56cb-8fa5-aa733073f6bb', 'c59c4df8-9179-503d-bd34-6fb4baabf1b0', 'payment', 100000, 'wallet', 'completed');
INSERT INTO invoices (id, transaction_id, user_id, total_amount, status) VALUES ('53593b68-324a-5f7a-b1a1-3c249acaeeec', '5b50ec66-11eb-56cb-8fa5-aa733073f6bb', 'c59c4df8-9179-503d-bd34-6fb4baabf1b0', 100000, 'paid');
INSERT INTO transactions (id, user_id, type, amount, method, status) VALUES ('02a342ec-a462-5693-9142-ec85157c211a', '7c516c1d-caef-5910-ba7e-6485e2b7814d', 'payment', 100000, 'wallet', 'completed');
INSERT INTO invoices (id, transaction_id, user_id, total_amount, status) VALUES ('f37963d6-c1c1-56c4-9a48-f48dda7db3ac', '02a342ec-a462-5693-9142-ec85157c211a', '7c516c1d-caef-5910-ba7e-6485e2b7814d', 100000, 'paid');
INSERT INTO transactions (id, user_id, type, amount, method, status) VALUES ('18508f70-f4ee-5279-91f2-d8506a0b2db4', 'c1197fb8-9baa-5afd-be52-e127d9606ff1', 'payment', 100000, 'wallet', 'completed');
INSERT INTO invoices (id, transaction_id, user_id, total_amount, status) VALUES ('2be64b28-5ab5-5388-9834-022979c33590', '18508f70-f4ee-5279-91f2-d8506a0b2db4', 'c1197fb8-9baa-5afd-be52-e127d9606ff1', 100000, 'paid');
INSERT INTO transactions (id, user_id, type, amount, method, status) VALUES ('dd230cb5-fc23-543b-9fca-0db030c358a0', '52388865-df5d-5f46-8df6-034d113e9391', 'payment', 100000, 'wallet', 'completed');
INSERT INTO invoices (id, transaction_id, user_id, total_amount, status) VALUES ('aa7b53cd-b4be-56b2-8c44-3f34985174d3', 'dd230cb5-fc23-543b-9fca-0db030c358a0', '52388865-df5d-5f46-8df6-034d113e9391', 100000, 'paid');
INSERT INTO transactions (id, user_id, type, amount, method, status) VALUES ('01d6c462-86e3-5b64-ac14-4a4dfeeb6ae9', '01235d01-f261-55ab-b63d-d2a10cad9e11', 'payment', 100000, 'wallet', 'completed');
INSERT INTO invoices (id, transaction_id, user_id, total_amount, status) VALUES ('c287f0fd-572c-5535-9aa1-3654db30c141', '01d6c462-86e3-5b64-ac14-4a4dfeeb6ae9', '01235d01-f261-55ab-b63d-d2a10cad9e11', 100000, 'paid');
INSERT INTO transactions (id, user_id, type, amount, method, status) VALUES ('0f9ab613-9806-5887-bbbb-f549589a4116', '3bb888f3-2438-5063-9ccd-da15bbd1f77a', 'payment', 100000, 'wallet', 'completed');
INSERT INTO invoices (id, transaction_id, user_id, total_amount, status) VALUES ('a0b6eab5-bb67-5523-b3e7-e65d5e6f30a4', '0f9ab613-9806-5887-bbbb-f549589a4116', '3bb888f3-2438-5063-9ccd-da15bbd1f77a', 100000, 'paid');
INSERT INTO transactions (id, user_id, type, amount, method, status) VALUES ('6bbd30f3-01c8-5cdf-8ad8-aa43f96975c7', '236eebf6-c1d8-59c9-8b94-e411fe443fe2', 'payment', 100000, 'wallet', 'completed');
INSERT INTO invoices (id, transaction_id, user_id, total_amount, status) VALUES ('8ca6a480-5618-510f-bc4d-7e5bf16e7820', '6bbd30f3-01c8-5cdf-8ad8-aa43f96975c7', '236eebf6-c1d8-59c9-8b94-e411fe443fe2', 100000, 'paid');
INSERT INTO transactions (id, user_id, type, amount, method, status) VALUES ('b92efa9a-e5d5-5cfc-b322-56d5c03c3d4a', 'd2054af8-db53-552b-8139-22b29f33fd7c', 'payment', 100000, 'wallet', 'completed');
INSERT INTO invoices (id, transaction_id, user_id, total_amount, status) VALUES ('b8b3733e-abff-5f9d-9d26-34a06190562d', 'b92efa9a-e5d5-5cfc-b322-56d5c03c3d4a', 'd2054af8-db53-552b-8139-22b29f33fd7c', 100000, 'paid');
INSERT INTO transactions (id, user_id, type, amount, method, status) VALUES ('52eec029-d5fe-5610-9834-a8d1b435d9af', 'af9af84a-32ef-5b72-8ad4-6ade43058177', 'payment', 100000, 'wallet', 'completed');
INSERT INTO invoices (id, transaction_id, user_id, total_amount, status) VALUES ('cda4b7b0-4b68-567c-8a8b-9af4bd33b16d', '52eec029-d5fe-5610-9834-a8d1b435d9af', 'af9af84a-32ef-5b72-8ad4-6ade43058177', 100000, 'paid');
INSERT INTO transactions (id, user_id, type, amount, method, status) VALUES ('ed1f38a8-d28b-5886-9e1f-971aacdc03e2', '271814b9-df4f-5305-9347-898e83e672dc', 'payment', 100000, 'wallet', 'completed');
INSERT INTO invoices (id, transaction_id, user_id, total_amount, status) VALUES ('510b87f2-9937-5ae7-8621-ddbf20868a90', 'ed1f38a8-d28b-5886-9e1f-971aacdc03e2', '271814b9-df4f-5305-9347-898e83e672dc', 100000, 'paid');
INSERT INTO transactions (id, user_id, type, amount, method, status) VALUES ('eb6008ba-acd5-563d-9f6a-74ccc27212c6', '4025932a-8150-5165-bec3-726ec0f47e30', 'payment', 100000, 'wallet', 'completed');
INSERT INTO invoices (id, transaction_id, user_id, total_amount, status) VALUES ('8e290aeb-3e16-5fbd-8a5b-89186efb775b', 'eb6008ba-acd5-563d-9f6a-74ccc27212c6', '4025932a-8150-5165-bec3-726ec0f47e30', 100000, 'paid');
INSERT INTO transactions (id, user_id, type, amount, method, status) VALUES ('bb2f1d15-46cc-5fc0-b851-9422bde7240f', '52388865-df5d-5f46-8df6-034d113e9391', 'payment', 100000, 'wallet', 'completed');
INSERT INTO invoices (id, transaction_id, user_id, total_amount, status) VALUES ('dd4048a2-ef7b-5ff1-9365-c008b290f96d', 'bb2f1d15-46cc-5fc0-b851-9422bde7240f', '52388865-df5d-5f46-8df6-034d113e9391', 100000, 'paid');
INSERT INTO transactions (id, user_id, type, amount, method, status) VALUES ('f85ca31a-bee8-5ddb-b4a7-f122c7f70997', '531f477a-1f91-5fa8-a711-842e9559e59b', 'payment', 100000, 'wallet', 'completed');
INSERT INTO invoices (id, transaction_id, user_id, total_amount, status) VALUES ('d2510147-00ff-5c20-91de-3200667dbb13', 'f85ca31a-bee8-5ddb-b4a7-f122c7f70997', '531f477a-1f91-5fa8-a711-842e9559e59b', 100000, 'paid');
INSERT INTO transactions (id, user_id, type, amount, method, status) VALUES ('9aed0652-5933-54e9-8d7b-bd9d49dbb903', '7c516c1d-caef-5910-ba7e-6485e2b7814d', 'payment', 100000, 'wallet', 'completed');
INSERT INTO invoices (id, transaction_id, user_id, total_amount, status) VALUES ('cda31228-06ae-51a1-9e89-d674a7588160', '9aed0652-5933-54e9-8d7b-bd9d49dbb903', '7c516c1d-caef-5910-ba7e-6485e2b7814d', 100000, 'paid');
INSERT INTO transactions (id, user_id, type, amount, method, status) VALUES ('8e13159e-5b70-5e53-88cc-5f467e9211f9', 'b3b57725-54e7-567b-a432-9c0e39a42678', 'payment', 100000, 'wallet', 'completed');
INSERT INTO invoices (id, transaction_id, user_id, total_amount, status) VALUES ('49eeb5d6-6e89-5347-b67c-01e4b3a5c7ee', '8e13159e-5b70-5e53-88cc-5f467e9211f9', 'b3b57725-54e7-567b-a432-9c0e39a42678', 100000, 'paid');
INSERT INTO transactions (id, user_id, type, amount, method, status) VALUES ('9e5ed05d-90e1-59c6-9b87-038c3795ce83', 'd5aa7d32-b6ee-53a2-9798-59e28c73cf01', 'payment', 100000, 'wallet', 'completed');
INSERT INTO invoices (id, transaction_id, user_id, total_amount, status) VALUES ('5cdb5e31-96e4-5e57-b367-e729b1b0c4a9', '9e5ed05d-90e1-59c6-9b87-038c3795ce83', 'd5aa7d32-b6ee-53a2-9798-59e28c73cf01', 100000, 'paid');
INSERT INTO transactions (id, user_id, type, amount, method, status) VALUES ('541dd7af-014e-5648-9ddd-f0880632172d', '8832e9ea-50d2-51bd-b830-f9b00ba05c0d', 'payment', 100000, 'wallet', 'completed');
INSERT INTO invoices (id, transaction_id, user_id, total_amount, status) VALUES ('8bae05cb-be6a-5c7b-809c-938dfff5ff7e', '541dd7af-014e-5648-9ddd-f0880632172d', '8832e9ea-50d2-51bd-b830-f9b00ba05c0d', 100000, 'paid');
INSERT INTO transactions (id, user_id, type, amount, method, status) VALUES ('f67ee2d4-3797-5455-a10f-9e8fc7a1b286', '3ee066f5-64b0-5b81-b4fc-d8f8ede23ed0', 'payment', 100000, 'wallet', 'completed');
INSERT INTO invoices (id, transaction_id, user_id, total_amount, status) VALUES ('518464ea-de4f-5e32-bcc6-654e54d7eea4', 'f67ee2d4-3797-5455-a10f-9e8fc7a1b286', '3ee066f5-64b0-5b81-b4fc-d8f8ede23ed0', 100000, 'paid');
INSERT INTO transactions (id, user_id, type, amount, method, status) VALUES ('c03b2d78-138f-5b58-94e9-e57a7d8797d2', '3e7f0120-56df-5222-a8cb-a2fd1503ce12', 'payment', 100000, 'wallet', 'completed');
INSERT INTO invoices (id, transaction_id, user_id, total_amount, status) VALUES ('cca92194-d8f0-5b77-be27-6349a18e16de', 'c03b2d78-138f-5b58-94e9-e57a7d8797d2', '3e7f0120-56df-5222-a8cb-a2fd1503ce12', 100000, 'paid');
INSERT INTO transactions (id, user_id, type, amount, method, status) VALUES ('9136b3cf-527e-52a4-8b12-c8a84657e1ae', 'c8ae5320-812f-5cdd-9d7e-a73fff78c8da', 'payment', 100000, 'wallet', 'completed');
INSERT INTO invoices (id, transaction_id, user_id, total_amount, status) VALUES ('d4f30a9b-e07b-5866-a708-d413c95e1bcf', '9136b3cf-527e-52a4-8b12-c8a84657e1ae', 'c8ae5320-812f-5cdd-9d7e-a73fff78c8da', 100000, 'paid');
INSERT INTO transactions (id, user_id, type, amount, method, status) VALUES ('a8249f50-ecd5-50a6-ae7e-4da2d13b27d8', '3bb888f3-2438-5063-9ccd-da15bbd1f77a', 'payment', 100000, 'wallet', 'completed');
INSERT INTO invoices (id, transaction_id, user_id, total_amount, status) VALUES ('246b28fb-b7bd-5a4f-bbfc-03569752e6f8', 'a8249f50-ecd5-50a6-ae7e-4da2d13b27d8', '3bb888f3-2438-5063-9ccd-da15bbd1f77a', 100000, 'paid');
INSERT INTO transactions (id, user_id, type, amount, method, status) VALUES ('c96df857-2671-55bf-8ea1-7fe08cbaa488', 'd2054af8-db53-552b-8139-22b29f33fd7c', 'payment', 100000, 'wallet', 'completed');
INSERT INTO invoices (id, transaction_id, user_id, total_amount, status) VALUES ('44281a8b-4379-56f3-a5a7-8161aab42bec', 'c96df857-2671-55bf-8ea1-7fe08cbaa488', 'd2054af8-db53-552b-8139-22b29f33fd7c', 100000, 'paid');
INSERT INTO transactions (id, user_id, type, amount, method, status) VALUES ('f17ed5fa-b222-5e58-b982-ad3f9f50df35', '2fd0a02e-a1ce-56b3-8e11-5e93dcc1a578', 'payment', 100000, 'wallet', 'completed');
INSERT INTO invoices (id, transaction_id, user_id, total_amount, status) VALUES ('8cab2d05-f258-54dc-b936-434b13fc070c', 'f17ed5fa-b222-5e58-b982-ad3f9f50df35', '2fd0a02e-a1ce-56b3-8e11-5e93dcc1a578', 100000, 'paid');
INSERT INTO transactions (id, user_id, type, amount, method, status) VALUES ('49b4c80a-4714-5c87-8c87-fc4c57ca814f', '933a1a70-8683-5fea-8b3c-02459adb5f31', 'payment', 100000, 'wallet', 'completed');
INSERT INTO invoices (id, transaction_id, user_id, total_amount, status) VALUES ('7576b2ed-7059-528f-bd53-38c80e72179b', '49b4c80a-4714-5c87-8c87-fc4c57ca814f', '933a1a70-8683-5fea-8b3c-02459adb5f31', 100000, 'paid');
INSERT INTO transactions (id, user_id, type, amount, method, status) VALUES ('18d4d090-55e5-578b-8980-ee81ef7f7dc1', 'd42a10d7-70f3-563e-acd1-48f1259cc594', 'payment', 100000, 'wallet', 'completed');
INSERT INTO invoices (id, transaction_id, user_id, total_amount, status) VALUES ('3c0a802f-8ef7-549d-bf13-19161afe027b', '18d4d090-55e5-578b-8980-ee81ef7f7dc1', 'd42a10d7-70f3-563e-acd1-48f1259cc594', 100000, 'paid');
INSERT INTO transactions (id, user_id, type, amount, method, status) VALUES ('92eb8b37-0140-53ad-b989-496fbdd48d20', 'dbc080c1-f33d-5a36-8bd2-68fb0d20f0db', 'payment', 100000, 'wallet', 'completed');
INSERT INTO invoices (id, transaction_id, user_id, total_amount, status) VALUES ('e02c8f2d-9156-5029-ab9a-f751cbf5a688', '92eb8b37-0140-53ad-b989-496fbdd48d20', 'dbc080c1-f33d-5a36-8bd2-68fb0d20f0db', 100000, 'paid');
INSERT INTO transactions (id, user_id, type, amount, method, status) VALUES ('b0e99355-37d2-5f54-b64e-0ae58cedae06', 'a710b314-b7cc-51d3-97ed-52f7aedba4c0', 'payment', 100000, 'wallet', 'completed');
INSERT INTO invoices (id, transaction_id, user_id, total_amount, status) VALUES ('6a686561-b14a-535c-9707-1704f3359669', 'b0e99355-37d2-5f54-b64e-0ae58cedae06', 'a710b314-b7cc-51d3-97ed-52f7aedba4c0', 100000, 'paid');
INSERT INTO transactions (id, user_id, type, amount, method, status) VALUES ('7826b1a8-7e90-5b36-9c3f-1c10c90cfe81', '123d15b8-ab1d-5274-8521-e4abad76181d', 'payment', 100000, 'wallet', 'completed');
INSERT INTO invoices (id, transaction_id, user_id, total_amount, status) VALUES ('e00919b6-2978-52f7-ad0a-53b571a0bdd4', '7826b1a8-7e90-5b36-9c3f-1c10c90cfe81', '123d15b8-ab1d-5274-8521-e4abad76181d', 100000, 'paid');
INSERT INTO transactions (id, user_id, type, amount, method, status) VALUES ('3c85af4f-fb0c-5271-9770-555e761fd01d', 'bf64b951-8954-58bf-8ec9-1f194c017fe8', 'payment', 100000, 'wallet', 'completed');
INSERT INTO invoices (id, transaction_id, user_id, total_amount, status) VALUES ('dcc0d2c8-a5ab-5a36-ac3b-2764f54fe2f7', '3c85af4f-fb0c-5271-9770-555e761fd01d', 'bf64b951-8954-58bf-8ec9-1f194c017fe8', 100000, 'paid');
INSERT INTO transactions (id, user_id, type, amount, method, status) VALUES ('2303804c-7944-50ef-b710-5ce2d94ed923', 'b8343a45-5aaf-5dbb-8796-6ce70c45a210', 'payment', 100000, 'wallet', 'completed');
INSERT INTO invoices (id, transaction_id, user_id, total_amount, status) VALUES ('3ae1f3af-4455-5e39-b052-7d326183ce49', '2303804c-7944-50ef-b710-5ce2d94ed923', 'b8343a45-5aaf-5dbb-8796-6ce70c45a210', 100000, 'paid');
INSERT INTO transactions (id, user_id, type, amount, method, status) VALUES ('6969864b-d631-5476-a9fe-5b824f3aadf8', 'c1197fb8-9baa-5afd-be52-e127d9606ff1', 'payment', 100000, 'wallet', 'completed');
INSERT INTO invoices (id, transaction_id, user_id, total_amount, status) VALUES ('ff0ba345-c12e-5b79-9fe5-ccae21b1f501', '6969864b-d631-5476-a9fe-5b824f3aadf8', 'c1197fb8-9baa-5afd-be52-e127d9606ff1', 100000, 'paid');
INSERT INTO transactions (id, user_id, type, amount, method, status) VALUES ('8cdcf28f-7170-51f6-82ea-48bf97db9597', 'b8343a45-5aaf-5dbb-8796-6ce70c45a210', 'payment', 100000, 'wallet', 'completed');
INSERT INTO invoices (id, transaction_id, user_id, total_amount, status) VALUES ('05bf83e9-8d33-5b58-8c6c-06089b436f36', '8cdcf28f-7170-51f6-82ea-48bf97db9597', 'b8343a45-5aaf-5dbb-8796-6ce70c45a210', 100000, 'paid');
INSERT INTO transactions (id, user_id, type, amount, method, status) VALUES ('812e0f2a-1446-58d3-a77b-009204eb682e', 'baa8e5dc-51ce-52d7-afc6-7b11717b1c3c', 'payment', 100000, 'wallet', 'completed');
INSERT INTO invoices (id, transaction_id, user_id, total_amount, status) VALUES ('b2ef626d-54ec-5d90-98c9-02679ceb5872', '812e0f2a-1446-58d3-a77b-009204eb682e', 'baa8e5dc-51ce-52d7-afc6-7b11717b1c3c', 100000, 'paid');
INSERT INTO transactions (id, user_id, type, amount, method, status) VALUES ('6cb68a66-e92d-5ae8-809d-577eecf045e8', '6776c62f-74e6-5ea9-b85d-f83a590f8325', 'payment', 100000, 'wallet', 'completed');
INSERT INTO invoices (id, transaction_id, user_id, total_amount, status) VALUES ('210307af-6add-527f-a492-9a876ac942f3', '6cb68a66-e92d-5ae8-809d-577eecf045e8', '6776c62f-74e6-5ea9-b85d-f83a590f8325', 100000, 'paid');
INSERT INTO transactions (id, user_id, type, amount, method, status) VALUES ('33adda98-ba64-5f49-9325-cb224f93e828', '7c516c1d-caef-5910-ba7e-6485e2b7814d', 'payment', 100000, 'wallet', 'completed');
INSERT INTO invoices (id, transaction_id, user_id, total_amount, status) VALUES ('d9988d66-a45f-5453-a9b4-31c95969bb51', '33adda98-ba64-5f49-9325-cb224f93e828', '7c516c1d-caef-5910-ba7e-6485e2b7814d', 100000, 'paid');
INSERT INTO transactions (id, user_id, type, amount, method, status) VALUES ('f10e771b-663c-558b-afff-c999b2188518', '01235d01-f261-55ab-b63d-d2a10cad9e11', 'payment', 100000, 'wallet', 'completed');
INSERT INTO invoices (id, transaction_id, user_id, total_amount, status) VALUES ('706cc9aa-7fc3-525e-9dc0-b6e9c3e08590', 'f10e771b-663c-558b-afff-c999b2188518', '01235d01-f261-55ab-b63d-d2a10cad9e11', 100000, 'paid');
INSERT INTO transactions (id, user_id, type, amount, method, status) VALUES ('7dc919e9-b91b-5485-9e2c-fb32dea0d89a', 'baa8e5dc-51ce-52d7-afc6-7b11717b1c3c', 'payment', 100000, 'wallet', 'completed');
INSERT INTO invoices (id, transaction_id, user_id, total_amount, status) VALUES ('abf34b1b-b2ab-5a6c-8b4c-4199f53e527f', '7dc919e9-b91b-5485-9e2c-fb32dea0d89a', 'baa8e5dc-51ce-52d7-afc6-7b11717b1c3c', 100000, 'paid');
INSERT INTO transactions (id, user_id, type, amount, method, status) VALUES ('6b003fbf-989a-55c1-ace2-a4ad1b068364', 'ffbe64a4-dbba-58b8-a95c-1dddc95c971b', 'payment', 100000, 'wallet', 'completed');
INSERT INTO invoices (id, transaction_id, user_id, total_amount, status) VALUES ('9530ed4f-2656-531a-83ce-8aa04d423ca0', '6b003fbf-989a-55c1-ace2-a4ad1b068364', 'ffbe64a4-dbba-58b8-a95c-1dddc95c971b', 100000, 'paid');
INSERT INTO transactions (id, user_id, type, amount, method, status) VALUES ('e20c9c9c-6e20-5d13-bc8f-b0f6f3149c12', '3e7f0120-56df-5222-a8cb-a2fd1503ce12', 'payment', 100000, 'wallet', 'completed');
INSERT INTO invoices (id, transaction_id, user_id, total_amount, status) VALUES ('c3f47fc2-b17b-594a-b2f2-1ce602eb3841', 'e20c9c9c-6e20-5d13-bc8f-b0f6f3149c12', '3e7f0120-56df-5222-a8cb-a2fd1503ce12', 100000, 'paid');
INSERT INTO transactions (id, user_id, type, amount, method, status) VALUES ('5b4465f5-6c33-5ef7-aafb-0c61da76bd3c', '531f477a-1f91-5fa8-a711-842e9559e59b', 'payment', 100000, 'wallet', 'completed');
INSERT INTO invoices (id, transaction_id, user_id, total_amount, status) VALUES ('f9c028df-ae0b-50ce-b830-95977295571d', '5b4465f5-6c33-5ef7-aafb-0c61da76bd3c', '531f477a-1f91-5fa8-a711-842e9559e59b', 100000, 'paid');
INSERT INTO transactions (id, user_id, type, amount, method, status) VALUES ('42f54a84-be7f-58da-9269-48dafd86a495', '933a1a70-8683-5fea-8b3c-02459adb5f31', 'payment', 100000, 'wallet', 'completed');
INSERT INTO invoices (id, transaction_id, user_id, total_amount, status) VALUES ('e46ef73f-71b8-5c5d-b70c-d04e349f9430', '42f54a84-be7f-58da-9269-48dafd86a495', '933a1a70-8683-5fea-8b3c-02459adb5f31', 100000, 'paid');
INSERT INTO transactions (id, user_id, type, amount, method, status) VALUES ('bb8801e9-336b-5ac8-b5c0-0ebe704f2d24', 'd42a10d7-70f3-563e-acd1-48f1259cc594', 'payment', 100000, 'wallet', 'completed');
INSERT INTO invoices (id, transaction_id, user_id, total_amount, status) VALUES ('3a6b81f6-7894-5916-b845-ce41f4fcd12d', 'bb8801e9-336b-5ac8-b5c0-0ebe704f2d24', 'd42a10d7-70f3-563e-acd1-48f1259cc594', 100000, 'paid');
INSERT INTO transactions (id, user_id, type, amount, method, status) VALUES ('1713d0f0-d505-5ee4-a6ce-cd54ae476d49', '7c516c1d-caef-5910-ba7e-6485e2b7814d', 'payment', 100000, 'wallet', 'completed');
INSERT INTO invoices (id, transaction_id, user_id, total_amount, status) VALUES ('0e14b6a2-bebf-5d36-aa02-4636d64c7741', '1713d0f0-d505-5ee4-a6ce-cd54ae476d49', '7c516c1d-caef-5910-ba7e-6485e2b7814d', 100000, 'paid');
INSERT INTO transactions (id, user_id, type, amount, method, status) VALUES ('01856943-2b55-5a7f-85c2-2d4e9a52f850', 'b8343a45-5aaf-5dbb-8796-6ce70c45a210', 'payment', 100000, 'wallet', 'completed');
INSERT INTO invoices (id, transaction_id, user_id, total_amount, status) VALUES ('3727dcf0-6ed9-5ebf-833a-f9989d7b0c1b', '01856943-2b55-5a7f-85c2-2d4e9a52f850', 'b8343a45-5aaf-5dbb-8796-6ce70c45a210', 100000, 'paid');