DELETE FROM user_roles; DELETE FROM users; DELETE FROM roles; DELETE FROM users_cache;
INSERT INTO roles (id, name, is_system) VALUES ('d02919f8-03ef-5f51-aa45-df4c4fb1bb14', 'user', true);
INSERT INTO users (id, email, full_name, phone, date_of_birth, password_hash, status) VALUES ('ffbe64a4-dbba-58b8-a95c-1dddc95c971b', 'user0@ev.vn', 'Driver 0', '+8490000000', '1990-01-01', 'hash', 'active');
INSERT INTO user_roles (user_id, role_id) VALUES ('ffbe64a4-dbba-58b8-a95c-1dddc95c971b', 'd02919f8-03ef-5f51-aa45-df4c4fb1bb14');
INSERT INTO users_cache (user_id, email, full_name, phone, role_name, status) VALUES ('ffbe64a4-dbba-58b8-a95c-1dddc95c971b', 'user0@ev.vn', 'Driver 0', '+8490000000', 'user', 'active');
INSERT INTO users (id, email, full_name, phone, date_of_birth, password_hash, status) VALUES ('d35a2a2a-d1d1-55ed-90a7-348c3da59deb', 'user1@ev.vn', 'Driver 1', '+8490000001', '1990-01-01', 'hash', 'active');
INSERT INTO user_roles (user_id, role_id) VALUES ('d35a2a2a-d1d1-55ed-90a7-348c3da59deb', 'd02919f8-03ef-5f51-aa45-df4c4fb1bb14');
INSERT INTO users_cache (user_id, email, full_name, phone, role_name, status) VALUES ('d35a2a2a-d1d1-55ed-90a7-348c3da59deb', 'user1@ev.vn', 'Driver 1', '+8490000001', 'user', 'active');
INSERT INTO users (id, email, full_name, phone, date_of_birth, password_hash, status) VALUES ('1e5f1a27-4c4e-5b84-b4dd-5227b40c755d', 'user2@ev.vn', 'Driver 2', '+8490000002', '1990-01-01', 'hash', 'active');
INSERT INTO user_roles (user_id, role_id) VALUES ('1e5f1a27-4c4e-5b84-b4dd-5227b40c755d', 'd02919f8-03ef-5f51-aa45-df4c4fb1bb14');
INSERT INTO users_cache (user_id, email, full_name, phone, role_name, status) VALUES ('1e5f1a27-4c4e-5b84-b4dd-5227b40c755d', 'user2@ev.vn', 'Driver 2', '+8490000002', 'user', 'active');
INSERT INTO users (id, email, full_name, phone, date_of_birth, password_hash, status) VALUES ('8e366a8d-6e18-50fd-98d9-2efd6d246b24', 'user3@ev.vn', 'Driver 3', '+8490000003', '1990-01-01', 'hash', 'active');
INSERT INTO user_roles (user_id, role_id) VALUES ('8e366a8d-6e18-50fd-98d9-2efd6d246b24', 'd02919f8-03ef-5f51-aa45-df4c4fb1bb14');
INSERT INTO users_cache (user_id, email, full_name, phone, role_name, status) VALUES ('8e366a8d-6e18-50fd-98d9-2efd6d246b24', 'user3@ev.vn', 'Driver 3', '+8490000003', 'user', 'active');
INSERT INTO users (id, email, full_name, phone, date_of_birth, password_hash, status) VALUES ('dbc080c1-f33d-5a36-8bd2-68fb0d20f0db', 'user4@ev.vn', 'Driver 4', '+8490000004', '1990-01-01', 'hash', 'active');
INSERT INTO user_roles (user_id, role_id) VALUES ('dbc080c1-f33d-5a36-8bd2-68fb0d20f0db', 'd02919f8-03ef-5f51-aa45-df4c4fb1bb14');
INSERT INTO users_cache (user_id, email, full_name, phone, role_name, status) VALUES ('dbc080c1-f33d-5a36-8bd2-68fb0d20f0db', 'user4@ev.vn', 'Driver 4', '+8490000004', 'user', 'active');
INSERT INTO users (id, email, full_name, phone, date_of_birth, password_hash, status) VALUES ('01235d01-f261-55ab-b63d-d2a10cad9e11', 'user5@ev.vn', 'Driver 5', '+8490000005', '1990-01-01', 'hash', 'active');
INSERT INTO user_roles (user_id, role_id) VALUES ('01235d01-f261-55ab-b63d-d2a10cad9e11', 'd02919f8-03ef-5f51-aa45-df4c4fb1bb14');
INSERT INTO users_cache (user_id, email, full_name, phone, role_name, status) VALUES ('01235d01-f261-55ab-b63d-d2a10cad9e11', 'user5@ev.vn', 'Driver 5', '+8490000005', 'user', 'active');
INSERT INTO users (id, email, full_name, phone, date_of_birth, password_hash, status) VALUES ('5d7e3982-b4cf-5ca6-9734-744833b910a3', 'user6@ev.vn', 'Driver 6', '+8490000006', '1990-01-01', 'hash', 'active');
INSERT INTO user_roles (user_id, role_id) VALUES ('5d7e3982-b4cf-5ca6-9734-744833b910a3', 'd02919f8-03ef-5f51-aa45-df4c4fb1bb14');
INSERT INTO users_cache (user_id, email, full_name, phone, role_name, status) VALUES ('5d7e3982-b4cf-5ca6-9734-744833b910a3', 'user6@ev.vn', 'Driver 6', '+8490000006', 'user', 'active');
INSERT INTO users (id, email, full_name, phone, date_of_birth, password_hash, status) VALUES ('933a1a70-8683-5fea-8b3c-02459adb5f31', 'user7@ev.vn', 'Driver 7', '+8490000007', '1990-01-01', 'hash', 'active');
INSERT INTO user_roles (user_id, role_id) VALUES ('933a1a70-8683-5fea-8b3c-02459adb5f31', 'd02919f8-03ef-5f51-aa45-df4c4fb1bb14');
INSERT INTO users_cache (user_id, email, full_name, phone, role_name, status) VALUES ('933a1a70-8683-5fea-8b3c-02459adb5f31', 'user7@ev.vn', 'Driver 7', '+8490000007', 'user', 'active');
INSERT INTO users (id, email, full_name, phone, date_of_birth, password_hash, status) VALUES ('52388865-df5d-5f46-8df6-034d113e9391', 'user8@ev.vn', 'Driver 8', '+8490000008', '1990-01-01', 'hash', 'active');
INSERT INTO user_roles (user_id, role_id) VALUES ('52388865-df5d-5f46-8df6-034d113e9391', 'd02919f8-03ef-5f51-aa45-df4c4fb1bb14');
INSERT INTO users_cache (user_id, email, full_name, phone, role_name, status) VALUES ('52388865-df5d-5f46-8df6-034d113e9391', 'user8@ev.vn', 'Driver 8', '+8490000008', 'user', 'active');
INSERT INTO users (id, email, full_name, phone, date_of_birth, password_hash, status) VALUES ('a710b314-b7cc-51d3-97ed-52f7aedba4c0', 'user9@ev.vn', 'Driver 9', '+8490000009', '1990-01-01', 'hash', 'active');
INSERT INTO user_roles (user_id, role_id) VALUES ('a710b314-b7cc-51d3-97ed-52f7aedba4c0', 'd02919f8-03ef-5f51-aa45-df4c4fb1bb14');
INSERT INTO users_cache (user_id, email, full_name, phone, role_name, status) VALUES ('a710b314-b7cc-51d3-97ed-52f7aedba4c0', 'user9@ev.vn', 'Driver 9', '+8490000009', 'user', 'active');
INSERT INTO users (id, email, full_name, phone, date_of_birth, password_hash, status) VALUES ('3ee066f5-64b0-5b81-b4fc-d8f8ede23ed0', 'user10@ev.vn', 'Driver 10', '+8490000010', '1990-01-01', 'hash', 'active');
INSERT INTO user_roles (user_id, role_id) VALUES ('3ee066f5-64b0-5b81-b4fc-d8f8ede23ed0', 'd02919f8-03ef-5f51-aa45-df4c4fb1bb14');
INSERT INTO users_cache (user_id, email, full_name, phone, role_name, status) VALUES ('3ee066f5-64b0-5b81-b4fc-d8f8ede23ed0', 'user10@ev.vn', 'Driver 10', '+8490000010', 'user', 'active');
INSERT INTO users (id, email, full_name, phone, date_of_birth, password_hash, status) VALUES ('271814b9-df4f-5305-9347-898e83e672dc', 'user11@ev.vn', 'Driver 11', '+8490000011', '1990-01-01', 'hash', 'active');
INSERT INTO user_roles (user_id, role_id) VALUES ('271814b9-df4f-5305-9347-898e83e672dc', 'd02919f8-03ef-5f51-aa45-df4c4fb1bb14');
INSERT INTO users_cache (user_id, email, full_name, phone, role_name, status) VALUES ('271814b9-df4f-5305-9347-898e83e672dc', 'user11@ev.vn', 'Driver 11', '+8490000011', 'user', 'active');
INSERT INTO users (id, email, full_name, phone, date_of_birth, password_hash, status) VALUES ('4025932a-8150-5165-bec3-726ec0f47e30', 'user12@ev.vn', 'Driver 12', '+8490000012', '1990-01-01', 'hash', 'active');
INSERT INTO user_roles (user_id, role_id) VALUES ('4025932a-8150-5165-bec3-726ec0f47e30', 'd02919f8-03ef-5f51-aa45-df4c4fb1bb14');
INSERT INTO users_cache (user_id, email, full_name, phone, role_name, status) VALUES ('4025932a-8150-5165-bec3-726ec0f47e30', 'user12@ev.vn', 'Driver 12', '+8490000012', 'user', 'active');
INSERT INTO users (id, email, full_name, phone, date_of_birth, password_hash, status) VALUES ('39ee98d1-7b3e-5a28-ba39-01ed2143fe0c', 'user13@ev.vn', 'Driver 13', '+8490000013', '1990-01-01', 'hash', 'active');
INSERT INTO user_roles (user_id, role_id) VALUES ('39ee98d1-7b3e-5a28-ba39-01ed2143fe0c', 'd02919f8-03ef-5f51-aa45-df4c4fb1bb14');
INSERT INTO users_cache (user_id, email, full_name, phone, role_name, status) VALUES ('39ee98d1-7b3e-5a28-ba39-01ed2143fe0c', 'user13@ev.vn', 'Driver 13', '+8490000013', 'user', 'active');
INSERT INTO users (id, email, full_name, phone, date_of_birth, password_hash, status) VALUES ('bf64b951-8954-58bf-8ec9-1f194c017fe8', 'user14@ev.vn', 'Driver 14', '+8490000014', '1990-01-01', 'hash', 'active');
INSERT INTO user_roles (user_id, role_id) VALUES ('bf64b951-8954-58bf-8ec9-1f194c017fe8', 'd02919f8-03ef-5f51-aa45-df4c4fb1bb14');
INSERT INTO users_cache (user_id, email, full_name, phone, role_name, status) VALUES ('bf64b951-8954-58bf-8ec9-1f194c017fe8', 'user14@ev.vn', 'Driver 14', '+8490000014', 'user', 'active');
INSERT INTO users (id, email, full_name, phone, date_of_birth, password_hash, status) VALUES ('26ab961d-925c-5bc7-9ec5-ae404a745994', 'user15@ev.vn', 'Driver 15', '+8490000015', '1990-01-01', 'hash', 'active');
INSERT INTO user_roles (user_id, role_id) VALUES ('26ab961d-925c-5bc7-9ec5-ae404a745994', 'd02919f8-03ef-5f51-aa45-df4c4fb1bb14');
INSERT INTO users_cache (user_id, email, full_name, phone, role_name, status) VALUES ('26ab961d-925c-5bc7-9ec5-ae404a745994', 'user15@ev.vn', 'Driver 15', '+8490000015', 'user', 'active');
INSERT INTO users (id, email, full_name, phone, date_of_birth, password_hash, status) VALUES ('3e7f0120-56df-5222-a8cb-a2fd1503ce12', 'user16@ev.vn', 'Driver 16', '+8490000016', '1990-01-01', 'hash', 'active');
INSERT INTO user_roles (user_id, role_id) VALUES ('3e7f0120-56df-5222-a8cb-a2fd1503ce12', 'd02919f8-03ef-5f51-aa45-df4c4fb1bb14');
INSERT INTO users_cache (user_id, email, full_name, phone, role_name, status) VALUES ('3e7f0120-56df-5222-a8cb-a2fd1503ce12', 'user16@ev.vn', 'Driver 16', '+8490000016', 'user', 'active');
INSERT INTO users (id, email, full_name, phone, date_of_birth, password_hash, status) VALUES ('8832e9ea-50d2-51bd-b830-f9b00ba05c0d', 'user17@ev.vn', 'Driver 17', '+8490000017', '1990-01-01', 'hash', 'active');
INSERT INTO user_roles (user_id, role_id) VALUES ('8832e9ea-50d2-51bd-b830-f9b00ba05c0d', 'd02919f8-03ef-5f51-aa45-df4c4fb1bb14');
INSERT INTO users_cache (user_id, email, full_name, phone, role_name, status) VALUES ('8832e9ea-50d2-51bd-b830-f9b00ba05c0d', 'user17@ev.vn', 'Driver 17', '+8490000017', 'user', 'active');
INSERT INTO users (id, email, full_name, phone, date_of_birth, password_hash, status) VALUES ('3bb888f3-2438-5063-9ccd-da15bbd1f77a', 'user18@ev.vn', 'Driver 18', '+8490000018', '1990-01-01', 'hash', 'active');
INSERT INTO user_roles (user_id, role_id) VALUES ('3bb888f3-2438-5063-9ccd-da15bbd1f77a', 'd02919f8-03ef-5f51-aa45-df4c4fb1bb14');
INSERT INTO users_cache (user_id, email, full_name, phone, role_name, status) VALUES ('3bb888f3-2438-5063-9ccd-da15bbd1f77a', 'user18@ev.vn', 'Driver 18', '+8490000018', 'user', 'active');
INSERT INTO users (id, email, full_name, phone, date_of_birth, password_hash, status) VALUES ('7b1c4501-a453-5d5e-964d-c2067b69e22b', 'user19@ev.vn', 'Driver 19', '+8490000019', '1990-01-01', 'hash', 'active');
INSERT INTO user_roles (user_id, role_id) VALUES ('7b1c4501-a453-5d5e-964d-c2067b69e22b', 'd02919f8-03ef-5f51-aa45-df4c4fb1bb14');
INSERT INTO users_cache (user_id, email, full_name, phone, role_name, status) VALUES ('7b1c4501-a453-5d5e-964d-c2067b69e22b', 'user19@ev.vn', 'Driver 19', '+8490000019', 'user', 'active');
INSERT INTO users (id, email, full_name, phone, date_of_birth, password_hash, status) VALUES ('236eebf6-c1d8-59c9-8b94-e411fe443fe2', 'user20@ev.vn', 'Driver 20', '+8490000020', '1990-01-01', 'hash', 'active');
INSERT INTO user_roles (user_id, role_id) VALUES ('236eebf6-c1d8-59c9-8b94-e411fe443fe2', 'd02919f8-03ef-5f51-aa45-df4c4fb1bb14');
INSERT INTO users_cache (user_id, email, full_name, phone, role_name, status) VALUES ('236eebf6-c1d8-59c9-8b94-e411fe443fe2', 'user20@ev.vn', 'Driver 20', '+8490000020', 'user', 'active');
INSERT INTO users (id, email, full_name, phone, date_of_birth, password_hash, status) VALUES ('2fd0a02e-a1ce-56b3-8e11-5e93dcc1a578', 'user21@ev.vn', 'Driver 21', '+8490000021', '1990-01-01', 'hash', 'active');
INSERT INTO user_roles (user_id, role_id) VALUES ('2fd0a02e-a1ce-56b3-8e11-5e93dcc1a578', 'd02919f8-03ef-5f51-aa45-df4c4fb1bb14');
INSERT INTO users_cache (user_id, email, full_name, phone, role_name, status) VALUES ('2fd0a02e-a1ce-56b3-8e11-5e93dcc1a578', 'user21@ev.vn', 'Driver 21', '+8490000021', 'user', 'active');
INSERT INTO users (id, email, full_name, phone, date_of_birth, password_hash, status) VALUES ('c83e18dd-78e7-5b2f-a861-cd4144abcab4', 'user22@ev.vn', 'Driver 22', '+8490000022', '1990-01-01', 'hash', 'active');
INSERT INTO user_roles (user_id, role_id) VALUES ('c83e18dd-78e7-5b2f-a861-cd4144abcab4', 'd02919f8-03ef-5f51-aa45-df4c4fb1bb14');
INSERT INTO users_cache (user_id, email, full_name, phone, role_name, status) VALUES ('c83e18dd-78e7-5b2f-a861-cd4144abcab4', 'user22@ev.vn', 'Driver 22', '+8490000022', 'user', 'active');
INSERT INTO users (id, email, full_name, phone, date_of_birth, password_hash, status) VALUES ('7c516c1d-caef-5910-ba7e-6485e2b7814d', 'user23@ev.vn', 'Driver 23', '+8490000023', '1990-01-01', 'hash', 'active');
INSERT INTO user_roles (user_id, role_id) VALUES ('7c516c1d-caef-5910-ba7e-6485e2b7814d', 'd02919f8-03ef-5f51-aa45-df4c4fb1bb14');
INSERT INTO users_cache (user_id, email, full_name, phone, role_name, status) VALUES ('7c516c1d-caef-5910-ba7e-6485e2b7814d', 'user23@ev.vn', 'Driver 23', '+8490000023', 'user', 'active');
INSERT INTO users (id, email, full_name, phone, date_of_birth, password_hash, status) VALUES ('f3fd07bb-bcce-5221-acfc-9c4b47bfb503', 'user24@ev.vn', 'Driver 24', '+8490000024', '1990-01-01', 'hash', 'active');
INSERT INTO user_roles (user_id, role_id) VALUES ('f3fd07bb-bcce-5221-acfc-9c4b47bfb503', 'd02919f8-03ef-5f51-aa45-df4c4fb1bb14');
INSERT INTO users_cache (user_id, email, full_name, phone, role_name, status) VALUES ('f3fd07bb-bcce-5221-acfc-9c4b47bfb503', 'user24@ev.vn', 'Driver 24', '+8490000024', 'user', 'active');
INSERT INTO users (id, email, full_name, phone, date_of_birth, password_hash, status) VALUES ('baa8e5dc-51ce-52d7-afc6-7b11717b1c3c', 'user25@ev.vn', 'Driver 25', '+8490000025', '1990-01-01', 'hash', 'active');
INSERT INTO user_roles (user_id, role_id) VALUES ('baa8e5dc-51ce-52d7-afc6-7b11717b1c3c', 'd02919f8-03ef-5f51-aa45-df4c4fb1bb14');
INSERT INTO users_cache (user_id, email, full_name, phone, role_name, status) VALUES ('baa8e5dc-51ce-52d7-afc6-7b11717b1c3c', 'user25@ev.vn', 'Driver 25', '+8490000025', 'user', 'active');
INSERT INTO users (id, email, full_name, phone, date_of_birth, password_hash, status) VALUES ('af9af84a-32ef-5b72-8ad4-6ade43058177', 'user26@ev.vn', 'Driver 26', '+8490000026', '1990-01-01', 'hash', 'active');
INSERT INTO user_roles (user_id, role_id) VALUES ('af9af84a-32ef-5b72-8ad4-6ade43058177', 'd02919f8-03ef-5f51-aa45-df4c4fb1bb14');
INSERT INTO users_cache (user_id, email, full_name, phone, role_name, status) VALUES ('af9af84a-32ef-5b72-8ad4-6ade43058177', 'user26@ev.vn', 'Driver 26', '+8490000026', 'user', 'active');
INSERT INTO users (id, email, full_name, phone, date_of_birth, password_hash, status) VALUES ('bf28724e-6874-5301-bb45-9cc1c3a83264', 'user27@ev.vn', 'Driver 27', '+8490000027', '1990-01-01', 'hash', 'active');
INSERT INTO user_roles (user_id, role_id) VALUES ('bf28724e-6874-5301-bb45-9cc1c3a83264', 'd02919f8-03ef-5f51-aa45-df4c4fb1bb14');
INSERT INTO users_cache (user_id, email, full_name, phone, role_name, status) VALUES ('bf28724e-6874-5301-bb45-9cc1c3a83264', 'user27@ev.vn', 'Driver 27', '+8490000027', 'user', 'active');
INSERT INTO users (id, email, full_name, phone, date_of_birth, password_hash, status) VALUES ('a933b175-bd4e-5b34-9ed2-eebda9e85c0c', 'user28@ev.vn', 'Driver 28', '+8490000028', '1990-01-01', 'hash', 'active');
INSERT INTO user_roles (user_id, role_id) VALUES ('a933b175-bd4e-5b34-9ed2-eebda9e85c0c', 'd02919f8-03ef-5f51-aa45-df4c4fb1bb14');
INSERT INTO users_cache (user_id, email, full_name, phone, role_name, status) VALUES ('a933b175-bd4e-5b34-9ed2-eebda9e85c0c', 'user28@ev.vn', 'Driver 28', '+8490000028', 'user', 'active');
INSERT INTO users (id, email, full_name, phone, date_of_birth, password_hash, status) VALUES ('d42a10d7-70f3-563e-acd1-48f1259cc594', 'user29@ev.vn', 'Driver 29', '+8490000029', '1990-01-01', 'hash', 'active');
INSERT INTO user_roles (user_id, role_id) VALUES ('d42a10d7-70f3-563e-acd1-48f1259cc594', 'd02919f8-03ef-5f51-aa45-df4c4fb1bb14');
INSERT INTO users_cache (user_id, email, full_name, phone, role_name, status) VALUES ('d42a10d7-70f3-563e-acd1-48f1259cc594', 'user29@ev.vn', 'Driver 29', '+8490000029', 'user', 'active');
INSERT INTO users (id, email, full_name, phone, date_of_birth, password_hash, status) VALUES ('c8ae5320-812f-5cdd-9d7e-a73fff78c8da', 'user30@ev.vn', 'Driver 30', '+8490000030', '1990-01-01', 'hash', 'active');
INSERT INTO user_roles (user_id, role_id) VALUES ('c8ae5320-812f-5cdd-9d7e-a73fff78c8da', 'd02919f8-03ef-5f51-aa45-df4c4fb1bb14');
INSERT INTO users_cache (user_id, email, full_name, phone, role_name, status) VALUES ('c8ae5320-812f-5cdd-9d7e-a73fff78c8da', 'user30@ev.vn', 'Driver 30', '+8490000030', 'user', 'active');
INSERT INTO users (id, email, full_name, phone, date_of_birth, password_hash, status) VALUES ('1b82e80d-8d17-5c36-93ac-82dde0a249cc', 'user31@ev.vn', 'Driver 31', '+8490000031', '1990-01-01', 'hash', 'active');
INSERT INTO user_roles (user_id, role_id) VALUES ('1b82e80d-8d17-5c36-93ac-82dde0a249cc', 'd02919f8-03ef-5f51-aa45-df4c4fb1bb14');
INSERT INTO users_cache (user_id, email, full_name, phone, role_name, status) VALUES ('1b82e80d-8d17-5c36-93ac-82dde0a249cc', 'user31@ev.vn', 'Driver 31', '+8490000031', 'user', 'active');
INSERT INTO users (id, email, full_name, phone, date_of_birth, password_hash, status) VALUES ('d5aa7d32-b6ee-53a2-9798-59e28c73cf01', 'user32@ev.vn', 'Driver 32', '+8490000032', '1990-01-01', 'hash', 'active');
INSERT INTO user_roles (user_id, role_id) VALUES ('d5aa7d32-b6ee-53a2-9798-59e28c73cf01', 'd02919f8-03ef-5f51-aa45-df4c4fb1bb14');
INSERT INTO users_cache (user_id, email, full_name, phone, role_name, status) VALUES ('d5aa7d32-b6ee-53a2-9798-59e28c73cf01', 'user32@ev.vn', 'Driver 32', '+8490000032', 'user', 'active');
INSERT INTO users (id, email, full_name, phone, date_of_birth, password_hash, status) VALUES ('b3b57725-54e7-567b-a432-9c0e39a42678', 'user33@ev.vn', 'Driver 33', '+8490000033', '1990-01-01', 'hash', 'active');
INSERT INTO user_roles (user_id, role_id) VALUES ('b3b57725-54e7-567b-a432-9c0e39a42678', 'd02919f8-03ef-5f51-aa45-df4c4fb1bb14');
INSERT INTO users_cache (user_id, email, full_name, phone, role_name, status) VALUES ('b3b57725-54e7-567b-a432-9c0e39a42678', 'user33@ev.vn', 'Driver 33', '+8490000033', 'user', 'active');
INSERT INTO users (id, email, full_name, phone, date_of_birth, password_hash, status) VALUES ('531f477a-1f91-5fa8-a711-842e9559e59b', 'user34@ev.vn', 'Driver 34', '+8490000034', '1990-01-01', 'hash', 'active');
INSERT INTO user_roles (user_id, role_id) VALUES ('531f477a-1f91-5fa8-a711-842e9559e59b', 'd02919f8-03ef-5f51-aa45-df4c4fb1bb14');
INSERT INTO users_cache (user_id, email, full_name, phone, role_name, status) VALUES ('531f477a-1f91-5fa8-a711-842e9559e59b', 'user34@ev.vn', 'Driver 34', '+8490000034', 'user', 'active');
INSERT INTO users (id, email, full_name, phone, date_of_birth, password_hash, status) VALUES ('6776c62f-74e6-5ea9-b85d-f83a590f8325', 'user35@ev.vn', 'Driver 35', '+8490000035', '1990-01-01', 'hash', 'active');
INSERT INTO user_roles (user_id, role_id) VALUES ('6776c62f-74e6-5ea9-b85d-f83a590f8325', 'd02919f8-03ef-5f51-aa45-df4c4fb1bb14');
INSERT INTO users_cache (user_id, email, full_name, phone, role_name, status) VALUES ('6776c62f-74e6-5ea9-b85d-f83a590f8325', 'user35@ev.vn', 'Driver 35', '+8490000035', 'user', 'active');
INSERT INTO users (id, email, full_name, phone, date_of_birth, password_hash, status) VALUES ('6fee1d8c-7182-56b9-9ba2-e9f2f96d1864', 'user36@ev.vn', 'Driver 36', '+8490000036', '1990-01-01', 'hash', 'active');
INSERT INTO user_roles (user_id, role_id) VALUES ('6fee1d8c-7182-56b9-9ba2-e9f2f96d1864', 'd02919f8-03ef-5f51-aa45-df4c4fb1bb14');
INSERT INTO users_cache (user_id, email, full_name, phone, role_name, status) VALUES ('6fee1d8c-7182-56b9-9ba2-e9f2f96d1864', 'user36@ev.vn', 'Driver 36', '+8490000036', 'user', 'active');
INSERT INTO users (id, email, full_name, phone, date_of_birth, password_hash, status) VALUES ('c59c4df8-9179-503d-bd34-6fb4baabf1b0', 'user37@ev.vn', 'Driver 37', '+8490000037', '1990-01-01', 'hash', 'active');
INSERT INTO user_roles (user_id, role_id) VALUES ('c59c4df8-9179-503d-bd34-6fb4baabf1b0', 'd02919f8-03ef-5f51-aa45-df4c4fb1bb14');
INSERT INTO users_cache (user_id, email, full_name, phone, role_name, status) VALUES ('c59c4df8-9179-503d-bd34-6fb4baabf1b0', 'user37@ev.vn', 'Driver 37', '+8490000037', 'user', 'active');
INSERT INTO users (id, email, full_name, phone, date_of_birth, password_hash, status) VALUES ('3fa31b52-0810-5943-9d35-6476cf9db35a', 'user38@ev.vn', 'Driver 38', '+8490000038', '1990-01-01', 'hash', 'active');
INSERT INTO user_roles (user_id, role_id) VALUES ('3fa31b52-0810-5943-9d35-6476cf9db35a', 'd02919f8-03ef-5f51-aa45-df4c4fb1bb14');
INSERT INTO users_cache (user_id, email, full_name, phone, role_name, status) VALUES ('3fa31b52-0810-5943-9d35-6476cf9db35a', 'user38@ev.vn', 'Driver 38', '+8490000038', 'user', 'active');
INSERT INTO users (id, email, full_name, phone, date_of_birth, password_hash, status) VALUES ('778d3881-1196-54ca-a703-df5e6a37289a', 'user39@ev.vn', 'Driver 39', '+8490000039', '1990-01-01', 'hash', 'active');
INSERT INTO user_roles (user_id, role_id) VALUES ('778d3881-1196-54ca-a703-df5e6a37289a', 'd02919f8-03ef-5f51-aa45-df4c4fb1bb14');
INSERT INTO users_cache (user_id, email, full_name, phone, role_name, status) VALUES ('778d3881-1196-54ca-a703-df5e6a37289a', 'user39@ev.vn', 'Driver 39', '+8490000039', 'user', 'active');
INSERT INTO users (id, email, full_name, phone, date_of_birth, password_hash, status) VALUES ('ec1449ec-b187-52e3-a8d6-ce82bca66872', 'user40@ev.vn', 'Driver 40', '+8490000040', '1990-01-01', 'hash', 'active');
INSERT INTO user_roles (user_id, role_id) VALUES ('ec1449ec-b187-52e3-a8d6-ce82bca66872', 'd02919f8-03ef-5f51-aa45-df4c4fb1bb14');
INSERT INTO users_cache (user_id, email, full_name, phone, role_name, status) VALUES ('ec1449ec-b187-52e3-a8d6-ce82bca66872', 'user40@ev.vn', 'Driver 40', '+8490000040', 'user', 'active');
INSERT INTO users (id, email, full_name, phone, date_of_birth, password_hash, status) VALUES ('8308a3ad-4cd4-5b79-88e3-69b6fe06cc4d', 'user41@ev.vn', 'Driver 41', '+8490000041', '1990-01-01', 'hash', 'active');
INSERT INTO user_roles (user_id, role_id) VALUES ('8308a3ad-4cd4-5b79-88e3-69b6fe06cc4d', 'd02919f8-03ef-5f51-aa45-df4c4fb1bb14');
INSERT INTO users_cache (user_id, email, full_name, phone, role_name, status) VALUES ('8308a3ad-4cd4-5b79-88e3-69b6fe06cc4d', 'user41@ev.vn', 'Driver 41', '+8490000041', 'user', 'active');
INSERT INTO users (id, email, full_name, phone, date_of_birth, password_hash, status) VALUES ('2991bdff-0fee-52e0-90c1-c76c57de7a2f', 'user42@ev.vn', 'Driver 42', '+8490000042', '1990-01-01', 'hash', 'active');
INSERT INTO user_roles (user_id, role_id) VALUES ('2991bdff-0fee-52e0-90c1-c76c57de7a2f', 'd02919f8-03ef-5f51-aa45-df4c4fb1bb14');
INSERT INTO users_cache (user_id, email, full_name, phone, role_name, status) VALUES ('2991bdff-0fee-52e0-90c1-c76c57de7a2f', 'user42@ev.vn', 'Driver 42', '+8490000042', 'user', 'active');
INSERT INTO users (id, email, full_name, phone, date_of_birth, password_hash, status) VALUES ('b8343a45-5aaf-5dbb-8796-6ce70c45a210', 'user43@ev.vn', 'Driver 43', '+8490000043', '1990-01-01', 'hash', 'active');
INSERT INTO user_roles (user_id, role_id) VALUES ('b8343a45-5aaf-5dbb-8796-6ce70c45a210', 'd02919f8-03ef-5f51-aa45-df4c4fb1bb14');
INSERT INTO users_cache (user_id, email, full_name, phone, role_name, status) VALUES ('b8343a45-5aaf-5dbb-8796-6ce70c45a210', 'user43@ev.vn', 'Driver 43', '+8490000043', 'user', 'active');
INSERT INTO users (id, email, full_name, phone, date_of_birth, password_hash, status) VALUES ('30641e26-4543-5b24-8018-537783c153a1', 'user44@ev.vn', 'Driver 44', '+8490000044', '1990-01-01', 'hash', 'active');
INSERT INTO user_roles (user_id, role_id) VALUES ('30641e26-4543-5b24-8018-537783c153a1', 'd02919f8-03ef-5f51-aa45-df4c4fb1bb14');
INSERT INTO users_cache (user_id, email, full_name, phone, role_name, status) VALUES ('30641e26-4543-5b24-8018-537783c153a1', 'user44@ev.vn', 'Driver 44', '+8490000044', 'user', 'active');
INSERT INTO users (id, email, full_name, phone, date_of_birth, password_hash, status) VALUES ('29137d1a-a404-5036-b164-b067b18c46c8', 'user45@ev.vn', 'Driver 45', '+8490000045', '1990-01-01', 'hash', 'active');
INSERT INTO user_roles (user_id, role_id) VALUES ('29137d1a-a404-5036-b164-b067b18c46c8', 'd02919f8-03ef-5f51-aa45-df4c4fb1bb14');
INSERT INTO users_cache (user_id, email, full_name, phone, role_name, status) VALUES ('29137d1a-a404-5036-b164-b067b18c46c8', 'user45@ev.vn', 'Driver 45', '+8490000045', 'user', 'active');
INSERT INTO users (id, email, full_name, phone, date_of_birth, password_hash, status) VALUES ('c1197fb8-9baa-5afd-be52-e127d9606ff1', 'user46@ev.vn', 'Driver 46', '+8490000046', '1990-01-01', 'hash', 'active');
INSERT INTO user_roles (user_id, role_id) VALUES ('c1197fb8-9baa-5afd-be52-e127d9606ff1', 'd02919f8-03ef-5f51-aa45-df4c4fb1bb14');
INSERT INTO users_cache (user_id, email, full_name, phone, role_name, status) VALUES ('c1197fb8-9baa-5afd-be52-e127d9606ff1', 'user46@ev.vn', 'Driver 46', '+8490000046', 'user', 'active');
INSERT INTO users (id, email, full_name, phone, date_of_birth, password_hash, status) VALUES ('d2054af8-db53-552b-8139-22b29f33fd7c', 'user47@ev.vn', 'Driver 47', '+8490000047', '1990-01-01', 'hash', 'active');
INSERT INTO user_roles (user_id, role_id) VALUES ('d2054af8-db53-552b-8139-22b29f33fd7c', 'd02919f8-03ef-5f51-aa45-df4c4fb1bb14');
INSERT INTO users_cache (user_id, email, full_name, phone, role_name, status) VALUES ('d2054af8-db53-552b-8139-22b29f33fd7c', 'user47@ev.vn', 'Driver 47', '+8490000047', 'user', 'active');
INSERT INTO users (id, email, full_name, phone, date_of_birth, password_hash, status) VALUES ('123d15b8-ab1d-5274-8521-e4abad76181d', 'user48@ev.vn', 'Driver 48', '+8490000048', '1990-01-01', 'hash', 'active');
INSERT INTO user_roles (user_id, role_id) VALUES ('123d15b8-ab1d-5274-8521-e4abad76181d', 'd02919f8-03ef-5f51-aa45-df4c4fb1bb14');
INSERT INTO users_cache (user_id, email, full_name, phone, role_name, status) VALUES ('123d15b8-ab1d-5274-8521-e4abad76181d', 'user48@ev.vn', 'Driver 48', '+8490000048', 'user', 'active');
INSERT INTO users (id, email, full_name, phone, date_of_birth, password_hash, status) VALUES ('a96f2a6e-7a00-581d-858d-371b82f96317', 'user49@ev.vn', 'Driver 49', '+8490000049', '1990-01-01', 'hash', 'active');
INSERT INTO user_roles (user_id, role_id) VALUES ('a96f2a6e-7a00-581d-858d-371b82f96317', 'd02919f8-03ef-5f51-aa45-df4c4fb1bb14');
INSERT INTO users_cache (user_id, email, full_name, phone, role_name, status) VALUES ('a96f2a6e-7a00-581d-858d-371b82f96317', 'user49@ev.vn', 'Driver 49', '+8490000049', 'user', 'active');